{"initial_reset_timestamp": 1676869988.8324788, "timestamps": [1676869991.9184542], "episode_lengths": [433], "episode_rewards": [-308.0], "episode_types": ["t"]}